agent,trial,episode,cumulativeReward,averageReward,cumulativeSteps,numSteps
Q-Learning,0,0,-79.13772233983121,-0.09604092516969807,824.0,824.0
Q-Learning,0,1,-192.3754446796605,-0.0971997616650895,1989.0,1165.0
Q-Learning,0,2,-235.31316701949248,-0.09293879294335933,2451.0,462.0
Q-Learning,0,3,-319.7508893593234,-0.09628018510813104,3328.0,877.0
Q-Learning,0,4,-389.9886116991552,-0.09556152699296833,4063.0,735.0
Q-Learning,0,5,-417.526334038987,-0.08940818941503827,4371.0,308.0
Q-Learning,0,6,-442.56405637881875,-0.08847251710187898,4654.0,283.0
Q-Learning,0,7,-485.90177871865075,-0.09299940416272964,5120.0,466.0
Q-Learning,0,8,-498.93950105848234,-0.07998602662473363,5283.0,163.0
Q-Learning,0,9,-517.177223398314,-0.08482661553410073,5498.0,215.0
Q-Learning,0,10,-552.714945738146,-0.0915920678861647,5886.0,388.0
Q-Learning,0,11,-555.0526680779776,-0.041745041782707444,5942.0,56.0
Q-Learning,0,12,-587.8903904178095,-0.0909632197779276,6303.0,361.0
Q-Learning,0,13,-588.9281127576411,-0.024133077670502826,6346.0,43.0
Q-Learning,0,14,-592.8658350974727,-0.054690588053216825,6418.0,72.0
Q-Learning,0,15,-626.0035574373045,-0.09103769873580184,6782.0,364.0
Q-Learning,0,16,-697.1412797771361,-0.09561521819869848,7526.0,744.0
Q-Learning,0,17,-721.4790021169679,-0.08818015340518748,7802.0,276.0
Q-Learning,0,18,-732.6167244567995,-0.07734529402660822,7946.0,144.0
Q-Learning,0,19,-749.7544467966311,-0.08400844284231196,8150.0,204.0
Q-Learning,0,20,-777.0921691364629,-0.08933896189487511,8456.0,306.0
Q-Learning,0,21,-794.3298914762945,-0.08408645043820313,8661.0,205.0
Q-Learning,0,22,-800.9676138161261,-0.0670477004023394,8760.0,99.0
Q-Learning,0,23,-810.3053361559577,-0.07410890745898088,8886.0,126.0
Q-Learning,0,24,-832.7430584957893,-0.08730631260634909,9143.0,257.0
Q-Learning,0,25,-844.7807808356209,-0.0786779237897489,9296.0,153.0
Q-Learning,0,26,-855.2185031754525,-0.07618775430534006,9433.0,137.0
Q-Learning,0,27,-856.8562255152841,-0.03342290489452285,9482.0,49.0
Q-Learning,0,28,-862.9939478551157,-0.06529491850884685,9576.0,94.0
Q-Learning,0,29,-863.9316701949473,-0.02232672237694338,9618.0,42.0
Q-Learning,0,30,-874.9693925347789,-0.07718686950931179,9761.0,143.0
Q-Learning,0,31,-881.6071148746105,-0.0670477004023394,9860.0,99.0
Q-Learning,0,32,-885.8448372144421,-0.05650296453108813,9935.0,75.0
Q-Learning,0,33,-891.8825595542737,-0.06492174558958713,10028.0,93.0
Q-Learning,0,34,-893.9202818941053,-0.038447591317577696,10081.0,53.0
Q-Learning,0,35,-907.9580042339369,-0.08114290369844852,10254.0,173.0
Q-Learning,0,36,-921.1957265737685,-0.08022862024140354,10419.0,165.0
Q-Learning,0,37,-921.9334489136002,-0.018443058495790567,10459.0,40.0
Q-Learning,0,38,-933.0711712534318,-0.07734529402660822,10603.0,144.0
Q-Learning,0,39,-946.3088935932634,-0.08022862024140354,10768.0,165.0
Q-Learning,0,40,-952.546615933095,-0.06566023515612213,10863.0,95.0
Q-Learning,0,41,-956.3843382729267,-0.05405242732157199,10934.0,71.0
Q-Learning,0,42,-960.3220606127583,-0.054690588053216825,11006.0,72.0
Q-Learning,0,43,-970.5597829525899,-0.0758349802950488,11141.0,135.0
Q-Learning,0,44,-971.9975052924215,-0.030589837017694046,11188.0,47.0
Q-Learning,0,45,-975.3352276322531,-0.05057155060350929,11254.0,66.0
Q-Learning,0,46,-980.1729499720848,-0.05972496715841491,11335.0,81.0
Q-Learning,0,47,-991.4106723119164,-0.07750153337814886,11480.0,145.0
Q-Learning,0,48,-994.648394651748,-0.049811112920486365,11545.0,65.0
Q-Learning,0,49,-998.7861169915797,-0.055915166754481216,11619.0,74.0
Q-Learning,0,50,-1010.2238393314112,-0.07780763496484071,11766.0,147.0
Q-Learning,0,51,-1017.9615616712429,-0.07034293036210543,11876.0,110.0
Q-Learning,0,52,-1020.7992840110745,-0.04652003835789533,11937.0,61.0
Q-Learning,0,53,-1021.1370063509062,-0.009381176106433952,11973.0,36.0
Q-Learning,0,54,-1024.5747286907379,-0.05130928865420318,12040.0,67.0
Q-Learning,0,55,-1034.7124510305694,-0.07565464432710141,12174.0,134.0
Q-Learning,0,56,-1043.450173370401,-0.07281435283192995,12294.0,120.0
Q-Learning,0,57,-1049.6878957102326,-0.06566023515612213,12389.0,95.0
Q-Learning,0,58,-1054.8256180500641,-0.06116336118847151,12473.0,84.0
Q-Learning,0,59,-1058.8633403898957,-0.055311264929200146,12546.0,73.0
Q-Learning,0,60,-1059.4010627297273,-0.014150587890305854,12584.0,38.0
Q-Learning,0,61,-1059.138785069559,0.008742588672279276,12614.0,30.0
Q-Learning,0,62,-1061.4765074093905,-0.041745041782707444,12670.0,56.0
Q-Learning,0,63,-1067.214229749222,-0.06375247044257339,12760.0,90.0
Q-Learning,0,64,-1068.9519520890537,-0.03475444679663238,12810.0,50.0
Q-Learning,0,65,-1077.0896744288852,-0.07138352929676839,12924.0,114.0
Q-Learning,0,66,-1077.727396768717,-0.016351854867477502,12963.0,39.0
Q-Learning,0,67,-1082.6651191085487,-0.0602161260955074,13045.0,82.0
Q-Learning,0,68,-1104.1028414483803,-0.08679239813697046,13292.0,247.0
Q-Learning,0,69,-1111.4405637882119,-0.06922379565878867,13398.0,106.0
Q-Learning,0,70,-1115.2782861280434,-0.05405242732157199,13469.0,71.0
Q-Learning,0,71,-1120.216008467875,-0.0602161260955074,13551.0,82.0
Q-Learning,0,72,-1129.7537308077067,-0.0745134557799343,13679.0,128.0
Q-Learning,0,73,-1132.8914531475384,-0.04902691155986897,13743.0,64.0
Q-Learning,0,74,-1136.82917548737,-0.054690588053216825,13815.0,72.0
Q-Learning,0,75,-1139.9668978272018,-0.04902691155986897,13879.0,64.0
Q-Learning,0,76,-1166.0046201670336,-0.08886594655232685,14172.0,293.0
Q-Learning,0,77,-1167.7423425068653,-0.03475444679663238,14222.0,50.0
Q-Learning,0,78,-1172.180064846697,-0.05763275766015077,14299.0,77.0
Q-Learning,0,79,-1175.3177871865287,-0.04902691155986897,14363.0,64.0
Q-Learning,0,80,-1175.8555095263603,-0.014150587890305854,14401.0,38.0
Q-Learning,0,81,-1175.6932318661918,0.005234763231238006,14432.0,31.0
Q-Learning,0,82,-1178.9309542060234,-0.049811112920486365,14497.0,65.0
Q-Learning,0,83,-1185.3686765458551,-0.06636827154465569,14594.0,97.0
Q-Learning,0,84,-1190.6063988856868,-0.06162026282154831,14679.0,85.0
Q-Learning,0,85,-1194.5441212255184,-0.054690588053216825,14751.0,72.0
Q-Learning,0,86,-1196.6818435653502,-0.03958745073762255,14805.0,54.0
Q-Learning,0,87,-1199.7195659051818,-0.048217814917962135,14868.0,63.0
Q-Learning,0,88,-1208.0572882450133,-0.07187691672268616,14984.0,116.0
Q-Learning,0,89,-1214.8950105848448,-0.06770022118645148,15085.0,101.0
Q-Learning,0,90,-1215.5327329246766,-0.016351854867477502,15124.0,39.0
Q-Learning,0,91,-1226.0704552645082,-0.07636030681037383,15262.0,138.0
Q-Learning,0,92,-1227.3081776043398,-0.02750494088514713,15307.0,45.0
Q-Learning,0,93,-1228.2458999441715,-0.02232672237694338,15349.0,42.0
Q-Learning,0,94,-1229.283622284003,-0.024133077670502826,15392.0,43.0
Q-Learning,0,95,-1229.5213446238347,-0.006792066852332062,15427.0,35.0
Q-Learning,0,96,-1242.2590669636663,-0.07961076462394737,15587.0,160.0
Q-Learning,0,97,-1246.696789303498,-0.05763275766015077,15664.0,77.0
Q-Learning,0,98,-1258.6345116433297,-0.0785376469725762,15816.0,152.0
Q-Learning,0,99,-1259.3722339831613,-0.018443058495790567,15856.0,40.0
Q-Learning,1,0,-33.737722339831876,-0.09118303335089696,370.0,370.0
Q-Learning,1,1,-157.27544467966055,-0.09742722582005417,1638.0,1268.0
Q-Learning,1,2,-163.41316701949216,-0.06529491850884685,1732.0,94.0
Q-Learning,1,3,-237.25088935932368,-0.09576877086878277,2503.0,771.0
Q-Learning,1,4,-272.68861169915556,-0.09157034196338992,2890.0,387.0
Q-Learning,1,5,-300.52633403898733,-0.0895103612213241,3201.0,311.0
Q-Learning,1,6,-312.9640563788189,-0.07922116140020115,3358.0,157.0
Q-Learning,1,7,-373.40177871865114,-0.09487868499188737,3995.0,637.0
Q-Learning,1,8,-429.0395010584833,-0.09446132825098844,4584.0,589.0
Q-Learning,1,9,-437.5772233983149,-0.0723535791511152,4702.0,118.0
Q-Learning,1,10,-501.514945738147,-0.09514542014855965,5374.0,672.0
Q-Learning,1,11,-515.9526680779786,-0.08156905276741017,5551.0,177.0
Q-Learning,1,12,-538.0903904178103,-0.08715638716469178,5805.0,254.0
Q-Learning,1,13,-544.328112757642,-0.06566023515612213,5900.0,95.0
Q-Learning,1,14,-574.9658350974738,-0.09037676206440068,6239.0,339.0
Q-Learning,1,15,-606.2035574373057,-0.09054412272415026,6584.0,345.0
Q-Learning,1,16,-619.2412797771373,-0.07998602662473363,6747.0,163.0
Q-Learning,1,17,-630.9790021169689,-0.07825148226554389,6897.0,150.0
Q-Learning,1,18,-672.0167244568008,-0.09263594207637016,7340.0,443.0
Q-Learning,1,19,-715.2544467966328,-0.09298434911791831,7805.0,465.0
Q-Learning,1,20,-721.3921691364644,-0.06529491850884685,7899.0,94.0
Q-Learning,1,21,-722.029891476296,-0.016351854867477502,7938.0,39.0
Q-Learning,1,22,-740.9676138161277,-0.08530505558482733,8160.0,222.0
Q-Learning,1,23,-754.3053361559593,-0.08034772493874448,8326.0,166.0
Q-Learning,1,24,-781.3430584957911,-0.08923340706215109,8629.0,303.0
Q-Learning,1,25,-798.7807808356227,-0.0842402045402495,8836.0,207.0
Q-Learning,1,26,-804.0185031754544,-0.06162026282154831,8921.0,85.0
Q-Learning,1,27,-811.456225515286,-0.0695114237367439,9028.0,107.0
Q-Learning,1,28,-814.1939478551176,-0.04562870566386026,9088.0,60.0
Q-Learning,1,29,-816.1316701949492,-0.03726389115060805,9140.0,52.0
Q-Learning,1,30,-840.7693925347809,-0.0883072485298629,9419.0,279.0
Q-Learning,1,31,-845.8071148746125,-0.06069544987748924,9502.0,83.0
Q-Learning,1,32,-874.2448372144443,-0.0897089032802265,9819.0,317.0
Q-Learning,1,33,-878.3825595542759,-0.055915166754481216,9893.0,74.0
Q-Learning,1,34,-889.5202818941075,-0.07734529402660822,10037.0,144.0
Q-Learning,1,35,-897.5580042339391,-0.07113028619319997,10150.0,113.0
Q-Learning,1,36,-904.0957265737707,-0.06671145244726125,10248.0,98.0
Q-Learning,1,37,-913.8334489136023,-0.074905556460243,10378.0,130.0
Q-Learning,1,38,-931.5711712534339,-0.08446534447538881,10588.0,210.0
Q-Learning,1,39,-938.8088935932656,-0.06893068895077713,10693.0,105.0
Q-Learning,1,40,-953.6466159330972,-0.08197636651840666,10874.0,181.0
Q-Learning,1,41,-957.4843382729289,-0.05405242732157199,10945.0,71.0
Q-Learning,1,42,-974.4220606127606,-0.08385011059322593,11147.0,202.0
Q-Learning,1,43,-987.0597829525922,-0.07948253043919233,11306.0,159.0
Q-Learning,1,44,-996.5975052924238,-0.0745134557799343,11434.0,128.0
Q-Learning,1,45,-1003.4352276322554,-0.06770022118645148,11535.0,101.0
Q-Learning,1,46,-1012.972949972087,-0.0745134557799343,11663.0,128.0
Q-Learning,1,47,-1016.1106723119186,-0.04902691155986897,11727.0,64.0
Q-Learning,1,48,-1016.4483946517503,-0.009381176106433952,11763.0,36.0
Q-Learning,1,49,-1021.7861169915819,-0.062066538835251234,11849.0,86.0
Q-Learning,1,50,-1031.2238393314135,-0.0743127743293826,11976.0,127.0
Q-Learning,1,51,-1032.8615616712452,-0.03342290489452285,12025.0,49.0
Q-Learning,1,52,-1034.5992840110769,-0.03475444679663238,12075.0,50.0
Q-Learning,1,53,-1037.8370063509085,-0.049811112920486365,12140.0,65.0
Q-Learning,1,54,-1040.87472869074,-0.048217814917962135,12203.0,63.0
Q-Learning,1,55,-1042.3124510305718,-0.030589837017694046,12250.0,47.0
Q-Learning,1,56,-1044.6501733704033,-0.041745041782707444,12306.0,56.0
Q-Learning,1,57,-1047.687895710235,-0.048217814917962135,12369.0,63.0
Q-Learning,1,58,-1065.9256180500665,-0.08482661553410073,12584.0,215.0
Q-Learning,1,59,-1074.763340389898,-0.073039027601914,12705.0,121.0
Q-Learning,1,60,-1075.1010627297296,-0.009381176106433952,12741.0,36.0
Q-Learning,1,61,-1077.1387850695612,-0.038447591317577696,12794.0,53.0
Q-Learning,1,62,-1084.2765074093927,-0.06863194557530385,12898.0,104.0
Q-Learning,1,63,-1092.1142297492243,-0.07061011116965403,13009.0,111.0
Q-Learning,1,64,-1094.051952089056,-0.03726389115060805,13061.0,52.0
Q-Learning,1,65,-1098.9896744288876,-0.0602161260955074,13143.0,82.0
Q-Learning,1,66,-1099.9273967687193,-0.02232672237694338,13185.0,42.0
Q-Learning,1,67,-1102.865119108551,-0.04738261838438088,13247.0,62.0
Q-Learning,1,68,-1106.6028414483826,-0.05339603342616588,13317.0,70.0
Q-Learning,1,69,-1110.0405637882143,-0.05130928865420318,13384.0,67.0
Q-Learning,1,70,-1113.178286128046,-0.04902691155986897,13448.0,64.0
Q-Learning,1,71,-1114.7160084678776,-0.03203588207982541,13496.0,48.0
Q-Learning,1,72,-1117.3537308077093,-0.04470715830223078,13555.0,59.0
Q-Learning,1,73,-1122.1914531475409,-0.05972496715841491,13636.0,81.0
Q-Learning,1,74,-1124.6291754873725,-0.04276705859353713,13693.0,57.0
Q-Learning,1,75,-1125.6668978272041,-0.024133077670502826,13736.0,43.0
Q-Learning,1,76,-1127.2046201670357,-0.03203588207982541,13784.0,48.0
Q-Learning,1,77,-1131.3423425068672,-0.055915166754481216,13858.0,74.0
Q-Learning,1,78,-1132.3800648466988,-0.024133077670502826,13901.0,43.0
Q-Learning,1,79,-1133.2177871865304,-0.020432252191015177,13942.0,41.0
Q-Learning,1,80,-1132.355509526362,0.03592823584034912,13966.0,24.0
Q-Learning,1,81,-1133.3932318661937,-0.024133077670502826,14009.0,43.0
Q-Learning,1,82,-1135.3309542060254,-0.03726389115060805,14061.0,52.0
Q-Learning,1,83,-1135.968676545857,-0.016351854867477502,14100.0,39.0
Q-Learning,1,84,-1138.7063988856887,-0.04562870566386026,14160.0,60.0
Q-Learning,1,85,-1139.0441212255203,-0.009381176106433952,14196.0,36.0
Q-Learning,1,86,-1141.781843565352,-0.04562870566386026,14256.0,60.0
Q-Learning,1,87,-1141.7195659051836,0.0019461768802618157,14288.0,32.0
Q-Learning,1,88,-1145.5572882450151,-0.05405242732157199,14359.0,71.0
Q-Learning,1,89,-1147.0950105848467,-0.03203588207982541,14407.0,48.0
Q-Learning,1,90,-1148.0327329246784,-0.02232672237694338,14449.0,42.0
Q-Learning,1,91,-1147.87045526451,0.005234763231238006,14480.0,31.0
Q-Learning,1,92,-1148.7081776043415,-0.020432252191015177,14521.0,41.0
Q-Learning,1,93,-1148.8458999441732,-0.004050657053871237,14555.0,34.0
Q-Learning,1,94,-1152.8836222840048,-0.055311264929200146,14628.0,73.0
Q-Learning,1,95,-1155.2213446238363,-0.041745041782707444,14684.0,56.0
Q-Learning,1,96,-1161.3590669636678,-0.06529491850884685,14778.0,94.0
Q-Learning,1,97,-1163.4967893034996,-0.03958745073762255,14832.0,54.0
Q-Learning,1,98,-1165.334511643331,-0.03603377136924742,14883.0,51.0
Q-Learning,1,99,-1166.4722339831628,-0.025857325905264118,14927.0,44.0
Q-Learning,2,0,-38.33772233983194,-0.09215798639382679,416.0,416.0
Q-Learning,2,1,-145.27544467966158,-0.0970396754444915,1518.0,1102.0
Q-Learning,2,2,-173.21316701949337,-0.08954398185843523,1830.0,312.0
Q-Learning,2,3,-226.95088935932552,-0.09427670585935467,2400.0,570.0
Q-Learning,2,4,-300.18861169915704,-0.09573558475794974,3165.0,765.0
Q-Learning,2,5,-302.7263340389886,-0.043753833445372696,3223.0,58.0
Q-Learning,2,6,-309.4640563788202,-0.067377223398316,3323.0,100.0
Q-Learning,2,7,-341.20177871865206,-0.09067920668523385,3673.0,350.0
Q-Learning,2,8,-352.8395010584836,-0.07810551905927238,3822.0,149.0
Q-Learning,2,9,-361.2772233983152,-0.0721172849558256,3939.0,117.0
Q-Learning,2,10,-374.71494573814675,-0.08046540323252446,4106.0,167.0
Q-Learning,2,11,-440.7526680779787,-0.09529252862890615,4799.0,693.0
Q-Learning,2,12,-450.19039041781025,-0.0743127743293826,4926.0,127.0
Q-Learning,2,13,-458.1281127576419,-0.07087252089135354,5038.0,112.0
Q-Learning,2,14,-468.16583509747346,-0.07547159654008713,5171.0,133.0
Q-Learning,2,15,-487.30355743730513,-0.08543626044567709,5395.0,224.0
Q-Learning,2,16,-488.3412797771368,-0.024133077670502826,5438.0,43.0
Q-Learning,2,17,-533.2790021169689,-0.09323178908678846,5920.0,482.0
Q-Learning,2,18,-536.1167244568005,-0.04652003835789533,5981.0,61.0
Q-Learning,2,19,-544.8544467966321,-0.07281435283192995,6101.0,120.0
Q-Learning,2,20,-565.9921691364639,-0.08663000958947417,6345.0,244.0
Q-Learning,2,21,-582.8298914762955,-0.0837697628847345,6546.0,201.0
Q-Learning,2,22,-605.8676138161272,-0.08759590243282024,6809.0,263.0
Q-Learning,2,23,-609.2053361559589,-0.05057155060350929,6875.0,66.0
Q-Learning,2,24,-646.4430584957909,-0.09194499343168376,7280.0,405.0
Q-Learning,2,25,-664.0807808356225,-0.08439101598005573,7489.0,209.0
Q-Learning,2,26,-666.8185031754541,-0.04562870566386026,7549.0,60.0
Q-Learning,2,27,-682.1562255152858,-0.08246087279479362,7735.0,186.0
Q-Learning,2,28,-691.3939478551174,-0.07390177871865274,7860.0,125.0
Q-Learning,2,29,-700.131670194949,-0.07281435283192995,7980.0,120.0
Q-Learning,2,30,-708.1693925347806,-0.07113028619319997,8093.0,113.0
Q-Learning,2,31,-740.0071148746125,-0.09070576165194259,8444.0,351.0
Q-Learning,2,32,-749.2448372144441,-0.07390177871865274,8569.0,125.0
Q-Learning,2,33,-753.6825595542757,-0.05763275766015077,8646.0,77.0
Q-Learning,2,34,-758.7202818941073,-0.06069544987748924,8729.0,83.0
Q-Learning,2,35,-758.4580042339389,0.008742588672279276,8759.0,30.0
Q-Learning,2,36,-762.4957265737705,-0.055311264929200146,8832.0,73.0
Q-Learning,2,37,-770.7334489136022,-0.07163236817244865,8947.0,115.0
Q-Learning,2,38,-777.4711712534338,-0.067377223398316,9047.0,100.0
Q-Learning,2,39,-782.0088935932654,-0.058175927433738575,9125.0,78.0
Q-Learning,2,40,-790.8466159330969,-0.073039027601914,9246.0,121.0
Q-Learning,2,41,-798.0843382729286,-0.06893068895077713,9351.0,105.0
Q-Learning,2,42,-803.8220606127602,-0.06375247044257339,9441.0,90.0
Q-Learning,2,43,-809.8597829525918,-0.06492174558958713,9534.0,93.0
Q-Learning,2,44,-818.4975052924234,-0.07258590201539154,9653.0,119.0
Q-Learning,2,45,-819.835227632255,-0.029080920431122183,9699.0,46.0
Q-Learning,2,46,-825.2729499720866,-0.06250255563024834,9786.0,87.0
Q-Learning,2,47,-840.6106723119183,-0.08246087279479362,9972.0,186.0
Q-Learning,2,48,-842.4483946517499,-0.03603377136924742,10023.0,51.0
Q-Learning,2,49,-849.1861169915816,-0.067377223398316,10123.0,100.0
Q-Learning,2,50,-849.7238393314132,-0.014150587890305854,10161.0,38.0
Q-Learning,2,51,-859.9615616712448,-0.0758349802950488,10296.0,135.0
Q-Learning,2,52,-869.9992840110764,-0.07547159654008713,10429.0,133.0
Q-Learning,2,53,-869.637006350908,0.012492333109254426,10458.0,29.0
Q-Learning,2,54,-886.0747286907397,-0.0834402149230032,10655.0,197.0
Q-Learning,2,55,-887.9124510305713,-0.03603377136924742,10706.0,51.0
Q-Learning,2,56,-890.650173370403,-0.04562870566386026,10766.0,60.0
Q-Learning,2,57,-896.0878957102345,-0.06250255563024834,10853.0,87.0
Q-Learning,2,58,-901.1256180500661,-0.06069544987748924,10936.0,83.0
Q-Learning,2,59,-908.1633403898977,-0.06832740135758834,11039.0,103.0
Q-Learning,2,60,-914.4010627297293,-0.06566023515612213,11134.0,95.0
Q-Learning,2,61,-918.3387850695609,-0.054690588053216825,11206.0,72.0
Q-Learning,2,62,-922.1765074093926,-0.05405242732157199,11277.0,71.0
Q-Learning,2,63,-943.1142297492243,-0.08651951380095742,11519.0,242.0
Q-Learning,2,64,-943.4519520890559,-0.009381176106433952,11555.0,36.0
Q-Learning,2,65,-949.2896744288876,-0.06415079494320444,11646.0,91.0
Q-Learning,2,66,-952.0273967687192,-0.04562870566386026,11706.0,60.0
Q-Learning,2,67,-961.4651191085508,-0.0743127743293826,11833.0,127.0
Q-Learning,2,68,-963.1028414483824,-0.03342290489452285,11882.0,49.0
Q-Learning,2,69,-964.840563788214,-0.03475444679663238,11932.0,50.0
Q-Learning,2,70,-964.2782861280456,0.02082509852475476,11959.0,27.0
Q-Learning,2,71,-966.3160084678772,-0.038447591317577696,12012.0,53.0
Q-Learning,2,72,-967.3537308077088,-0.024133077670502826,12055.0,43.0
Q-Learning,2,73,-982.2914531475403,-0.08207539747160224,12237.0,182.0
Q-Learning,2,74,-981.7291754873719,0.02082509852475476,12264.0,27.0
Q-Learning,2,75,-985.6668978272035,-0.054690588053216825,12336.0,72.0
Q-Learning,2,76,-1002.8046201670351,-0.08400844284231196,12540.0,204.0
Q-Learning,2,77,-1005.1423425068667,-0.041745041782707444,12596.0,56.0
Q-Learning,2,78,-1008.7800648466983,-0.052720613620748,12665.0,69.0
Q-Learning,2,79,-1011.2177871865299,-0.04276705859353713,12722.0,57.0
Q-Learning,2,80,-1022.6555095263615,-0.07780763496484071,12869.0,147.0
Q-Learning,2,81,-1033.4932318661931,-0.07686327900589777,13010.0,141.0
Q-Learning,2,82,-1034.1309542060249,-0.016351854867477502,13049.0,39.0
Q-Learning,2,83,-1035.7686765458566,-0.03342290489452285,13098.0,49.0
Q-Learning,2,84,-1040.8063988856882,-0.06069544987748924,13181.0,83.0
Q-Learning,2,85,-1054.1441212255197,-0.08034772493874448,13347.0,166.0
Q-Learning,2,86,-1056.5818435653514,-0.04276705859353713,13404.0,57.0
Q-Learning,2,87,-1058.919565905183,-0.041745041782707444,13460.0,56.0
Q-Learning,2,88,-1062.9572882450145,-0.055311264929200146,13533.0,73.0
Q-Learning,2,89,-1063.0950105848462,-0.004050657053871237,13567.0,34.0
Q-Learning,2,90,-1065.732732924678,-0.04470715830223078,13626.0,59.0
Q-Learning,2,91,-1069.0704552645095,-0.05057155060350929,13692.0,66.0
Q-Learning,2,92,-1070.3081776043412,-0.02750494088514713,13737.0,45.0
Q-Learning,2,93,-1073.1458999441727,-0.04652003835789533,13798.0,61.0
Q-Learning,2,94,-1074.0836222840044,-0.02232672237694338,13840.0,42.0
Q-Learning,2,95,-1074.821344623836,-0.018443058495790567,13880.0,40.0
Q-Learning,2,96,-1077.5590669636676,-0.04562870566386026,13940.0,60.0
Q-Learning,2,97,-1078.8967893034992,-0.029080920431122183,13986.0,46.0
Q-Learning,2,98,-1082.7345116433307,-0.05405242732157199,14057.0,71.0
Q-Learning,2,99,-1086.5722339831623,-0.05405242732157199,14128.0,71.0
Q-Learning,3,0,-40.93772233983198,-0.09261928131183705,442.0,442.0
Q-Learning,3,1,-78.87544467966391,-0.0920818503393979,854.0,412.0
Q-Learning,3,2,-150.0131670194956,-0.09561521819869848,1598.0,744.0
Q-Learning,3,3,-219.75088935932735,-0.0955311264929202,2328.0,730.0
Q-Learning,3,4,-238.38861169915901,-0.08510375497640028,2547.0,219.0
Q-Learning,3,5,-314.6263340389904,-0.09589650608783822,3342.0,795.0
Q-Learning,3,6,-352.7640563788224,-0.09212010227012546,3756.0,414.0
Q-Learning,3,7,-396.1017787186544,-0.09299940416272964,4222.0,466.0
Q-Learning,3,8,-409.33950105848595,-0.08022862024140354,4387.0,165.0
Q-Learning,3,9,-421.4772233983175,-0.07881637883007521,4541.0,154.0
Q-Learning,3,10,-428.5149457381491,-0.06832740135758834,4644.0,103.0
Q-Learning,3,11,-456.2526680779809,-0.08947652367687675,4954.0,310.0
Q-Learning,3,12,-468.0903904178125,-0.07839551218431512,5105.0,151.0
Q-Learning,3,13,-508.1281127576445,-0.09246587145457728,5538.0,433.0
Q-Learning,3,14,-574.2658350974764,-0.09529931172886448,6232.0,694.0
Q-Learning,3,15,-585.1035574373079,-0.07686327900589777,6373.0,141.0
Q-Learning,3,16,-606.7412797771397,-0.0868984832924968,6622.0,249.0
Q-Learning,3,17,-618.0790021169712,-0.07765563246459989,6768.0,146.0
Q-Learning,3,18,-626.2167244568028,-0.07138352929676839,6882.0,114.0
Q-Learning,3,19,-675.754446796635,-0.09382144382543958,7410.0,528.0
Q-Learning,3,20,-692.0921691364666,-0.08335572622363076,7606.0,196.0
Q-Learning,3,21,-702.5298914762982,-0.07618775430534006,7743.0,137.0
Q-Learning,3,22,-723.7676138161299,-0.0866845809789049,7988.0,245.0
Q-Learning,3,23,-742.3053361559616,-0.08503542357720945,8206.0,218.0
Q-Learning,3,24,-755.3430584957932,-0.07998602662473363,8369.0,163.0
Q-Learning,3,25,-755.4807808356248,-0.004050657053871237,8403.0,34.0
Q-Learning,3,26,-758.3185031754565,-0.04652003835789533,8464.0,61.0
Q-Learning,3,27,-766.156225515288,-0.07061011116965403,8575.0,111.0
Q-Learning,3,28,-770.1939478551196,-0.055311264929200146,8648.0,73.0
Q-Learning,3,29,-788.9316701949513,-0.08517146518105301,8868.0,220.0
Q-Learning,3,30,-803.7693925347829,-0.08197636651840666,9049.0,181.0
Q-Learning,3,31,-807.3071148746145,-0.05202532852693548,9117.0,68.0
Q-Learning,3,32,-812.6448372144462,-0.062066538835251234,9203.0,86.0
Q-Learning,3,33,-816.6825595542778,-0.055311264929200146,9276.0,73.0
Q-Learning,3,34,-832.2202818941093,-0.08264745925442349,9464.0,188.0
Q-Learning,3,35,-834.958004233941,-0.04562870566386026,9524.0,60.0
Q-Learning,3,36,-845.1957265737726,-0.0758349802950488,9659.0,135.0
Q-Learning,3,37,-849.4334489136043,-0.05650296453108813,9734.0,75.0
Q-Learning,3,38,-853.2711712534359,-0.05405242732157199,9805.0,71.0
Q-Learning,3,39,-861.4088935932675,-0.07138352929676839,9919.0,114.0
Q-Learning,3,40,-866.2466159330992,-0.05972496715841491,10000.0,81.0
Q-Learning,3,41,-873.9843382729308,-0.07034293036210543,10110.0,110.0
Q-Learning,3,42,-884.1220606127624,-0.07565464432710141,10244.0,134.0
Q-Learning,3,43,-886.559782952594,-0.04276705859353713,10301.0,57.0
Q-Learning,3,44,-894.1975052924256,-0.07007084715441833,10410.0,109.0
Q-Learning,3,45,-895.9352276322572,-0.03475444679663238,10460.0,50.0
Q-Learning,3,46,-899.2729499720889,-0.05057155060350929,10526.0,66.0
Q-Learning,3,47,-904.5106723119205,-0.06162026282154831,10611.0,85.0
Q-Learning,3,48,-910.3483946517522,-0.06415079494320444,10702.0,91.0
Q-Learning,3,49,-915.3861169915838,-0.06069544987748924,10785.0,83.0
Q-Learning,3,50,-916.6238393314154,-0.02750494088514713,10830.0,45.0
Q-Learning,3,51,-931.9615616712471,-0.08246087279479362,11016.0,186.0
Q-Learning,3,52,-942.1992840110787,-0.0758349802950488,11151.0,135.0
Q-Learning,3,53,-958.3370063509103,-0.08318413577232797,11345.0,194.0
Q-Learning,3,54,-960.7747286907419,-0.04276705859353713,11402.0,57.0
Q-Learning,3,55,-961.3124510305735,-0.014150587890305854,11440.0,38.0
Q-Learning,3,56,-973.150173370405,-0.07839551218431512,11591.0,151.0
Q-Learning,3,57,-974.3878957102366,-0.02750494088514713,11636.0,45.0
Q-Learning,3,58,-975.1256180500683,-0.018443058495790567,11676.0,40.0
Q-Learning,3,59,-982.4633403898998,-0.06922379565878867,11782.0,106.0
Q-Learning,3,60,-986.7010627297315,-0.05650296453108813,11857.0,75.0
Q-Learning,3,61,-986.5387850695631,0.005234763231238006,11888.0,31.0
Q-Learning,3,62,-992.7765074093948,-0.06566023515612213,11983.0,95.0
Q-Learning,3,63,-998.3142297492263,-0.06292866295263187,12071.0,88.0
Q-Learning,3,64,-1001.951952089058,-0.052720613620748,12140.0,69.0
Q-Learning,3,65,-1010.8896744288895,-0.07326001917894748,12262.0,122.0
Q-Learning,3,66,-1011.2273967687212,-0.009381176106433952,12298.0,36.0
Q-Learning,3,67,-1014.8651191085528,-0.052720613620748,12367.0,69.0
Q-Learning,3,68,-1022.5028414483844,-0.07007084715441833,12476.0,109.0
Q-Learning,3,69,-1023.8405637882161,-0.029080920431122183,12522.0,46.0
Q-Learning,3,70,-1030.0782861280477,-0.06566023515612213,12617.0,95.0
Q-Learning,3,71,-1031.7160084678794,-0.03342290489452285,12666.0,49.0
Q-Learning,3,72,-1039.653730807711,-0.07087252089135354,12778.0,112.0
Q-Learning,3,73,-1043.8914531475427,-0.05650296453108813,12853.0,75.0
Q-Learning,3,74,-1046.1291754873744,-0.04068586072421122,12908.0,55.0
Q-Learning,3,75,-1052.466897827206,-0.06601794103991253,13004.0,96.0
Q-Learning,3,76,-1058.5046201670375,-0.06492174558958713,13097.0,93.0
Q-Learning,3,77,-1060.042342506869,-0.03203588207982541,13145.0,48.0
Q-Learning,3,78,-1070.4800648467008,-0.07618775430534006,13282.0,137.0
Q-Learning,3,79,-1077.0177871865324,-0.06671145244726125,13380.0,98.0
Q-Learning,3,80,-1085.355509526364,-0.07187691672268616,13496.0,116.0
Q-Learning,3,81,-1089.1932318661954,-0.05405242732157199,13567.0,71.0
Q-Learning,3,82,-1090.1309542060271,-0.02232672237694338,13609.0,42.0
Q-Learning,3,83,-1095.9686765458587,-0.06415079494320444,13700.0,91.0
Q-Learning,3,84,-1099.1063988856904,-0.04902691155986897,13764.0,64.0
Q-Learning,3,85,-1100.7441212255221,-0.03342290489452285,13813.0,49.0
Q-Learning,3,86,-1106.5818435653537,-0.06415079494320444,13904.0,91.0
Q-Learning,3,87,-1114.2195659051852,-0.07007084715441833,14013.0,109.0
Q-Learning,3,88,-1119.6572882450168,-0.06250255563024834,14100.0,87.0
Q-Learning,3,89,-1122.4950105848484,-0.04652003835789533,14161.0,61.0
Q-Learning,3,90,-1122.83273292468,-0.009381176106433952,14197.0,36.0
Q-Learning,3,91,-1123.4704552645117,-0.016351854867477502,14236.0,39.0
Q-Learning,3,92,-1126.3081776043432,-0.04652003835789533,14297.0,61.0
Q-Learning,3,93,-1132.6458999441747,-0.06601794103991253,14393.0,96.0
Q-Learning,3,94,-1135.8836222840064,-0.049811112920486365,14458.0,65.0
Q-Learning,3,95,-1136.721344623838,-0.020432252191015177,14499.0,41.0
Q-Learning,3,96,-1139.0590669636695,-0.041745041782707444,14555.0,56.0
Q-Learning,3,97,-1139.4967893035011,-0.011830333508962766,14592.0,37.0
Q-Learning,3,98,-1139.7345116433328,-0.006792066852332062,14627.0,35.0
Q-Learning,3,99,-1138.7722339831644,0.041838159137755605,14650.0,23.0
Q-Learning,4,0,-55.03772233983218,-0.09440432648341712,583.0,583.0
Q-Learning,4,1,-142.8754446796629,-0.09641901464306336,1494.0,911.0
Q-Learning,4,2,-218.9131670194943,-0.0958861567967609,2287.0,793.0
Q-Learning,4,3,-238.05088935932596,-0.08543626044567709,2511.0,224.0
Q-Learning,4,4,-272.68861169915783,-0.09139240722910788,2890.0,379.0
Q-Learning,4,5,-291.3263340389895,-0.08510375497640028,3109.0,219.0
Q-Learning,4,6,-360.76405637882124,-0.09551268547432155,3836.0,727.0
Q-Learning,4,7,-374.90177871865285,-0.08125127781512412,4010.0,174.0
Q-Learning,4,8,-398.6395010584846,-0.08791749014752494,4280.0,270.0
Q-Learning,4,9,-441.7772233983166,-0.09296922918067244,4744.0,464.0
Q-Learning,4,10,-480.61494573814855,-0.09225112194734429,5165.0,421.0
Q-Learning,4,11,-498.4526680779802,-0.08453896843522109,5376.0,211.0
Q-Learning,4,12,-522.190390417812,-0.08791749014752494,5646.0,270.0
Q-Learning,4,13,-546.6281127576437,-0.08822282433152254,5923.0,277.0
Q-Learning,4,14,-550.0658350974753,-0.05130928865420318,5990.0,67.0
Q-Learning,4,15,-572.703557437307,-0.08740433335842362,6249.0,259.0
Q-Learning,4,16,-574.7412797771386,-0.038447591317577696,6302.0,53.0
Q-Learning,4,17,-605.1790021169704,-0.0903196508600351,6639.0,337.0
Q-Learning,4,18,-610.616724456802,-0.06250255563024834,6726.0,87.0
Q-Learning,4,19,-638.3544467966337,-0.08947652367687675,7036.0,310.0
Q-Learning,4,20,-641.1921691364654,-0.04652003835789533,7097.0,61.0
Q-Learning,4,21,-653.729891476297,-0.07935267303690874,7255.0,158.0
Q-Learning,4,22,-660.7676138161286,-0.06832740135758834,7358.0,103.0
Q-Learning,4,23,-676.7053361559601,-0.08300897051995636,7550.0,192.0
Q-Learning,4,24,-688.4430584957918,-0.07825148226554389,7700.0,150.0
Q-Learning,4,25,-693.8807808356233,-0.06250255563024834,7787.0,87.0
Q-Learning,4,26,-702.118503175455,-0.07163236817244865,7902.0,115.0
Q-Learning,4,27,-705.1562255152866,-0.048217814917962135,7965.0,63.0
Q-Learning,4,28,-716.0939478551181,-0.07702621366078581,8107.0,142.0
Q-Learning,4,29,-722.0316701949497,-0.06454046021556091,8199.0,92.0
Q-Learning,4,30,-723.3693925347814,-0.029080920431122183,8245.0,46.0
Q-Learning,4,31,-726.407114874613,-0.048217814917962135,8308.0,63.0
Q-Learning,4,32,-731.6448372144446,-0.06162026282154831,8393.0,85.0
Q-Learning,4,33,-739.1825595542762,-0.0697937253688111,8501.0,108.0
Q-Learning,4,34,-744.2202818941078,-0.06069544987748924,8584.0,83.0
Q-Learning,4,35,-751.5580042339393,-0.06922379565878867,8690.0,106.0
Q-Learning,4,36,-771.695726573771,-0.08605864247791317,8924.0,234.0
Q-Learning,4,37,-797.6334489136028,-0.08882781623230057,9216.0,292.0
Q-Learning,4,38,-808.6711712534344,-0.07718686950931179,9359.0,143.0
Q-Learning,4,39,-825.808893593266,-0.08400844284231196,9563.0,204.0
Q-Learning,4,40,-829.5466159330977,-0.05339603342616588,9633.0,70.0
Q-Learning,4,41,-832.9843382729292,-0.05130928865420318,9700.0,67.0
Q-Learning,4,42,-836.3220606127609,-0.05057155060350929,9766.0,66.0
Q-Learning,4,43,-840.9597829525925,-0.058705346073817825,9845.0,79.0
Q-Learning,4,44,-846.5975052924241,-0.06334519482956859,9934.0,89.0
Q-Learning,4,45,-849.6352276322557,-0.048217814917962135,9997.0,63.0
Q-Learning,4,46,-851.1729499720873,-0.03203588207982541,10045.0,48.0
Q-Learning,4,47,-855.7106723119189,-0.058175927433738575,10123.0,78.0
Q-Learning,4,48,-864.7483946517505,-0.07347741739700482,10246.0,123.0
Q-Learning,4,49,-881.0861169915821,-0.08335572622363076,10442.0,196.0
Q-Learning,4,50,-889.2238393314137,-0.07138352929676839,10556.0,114.0
Q-Learning,4,51,-893.1615616712453,-0.054690588053216825,10628.0,72.0
Q-Learning,4,52,-899.999284011077,-0.06770022118645148,10729.0,101.0
Q-Learning,4,53,-903.2370063509086,-0.049811112920486365,10794.0,65.0
Q-Learning,4,54,-908.5747286907402,-0.062066538835251234,10880.0,86.0
Q-Learning,4,55,-908.8124510305719,-0.006792066852332062,10915.0,35.0
Q-Learning,4,56,-919.9501733704035,-0.07734529402660822,11059.0,144.0
Q-Learning,4,57,-928.3878957102351,-0.0721172849558256,11176.0,117.0
Q-Learning,4,58,-935.8256180500666,-0.0695114237367439,11283.0,107.0
Q-Learning,4,59,-937.1633403898983,-0.029080920431122183,11329.0,46.0
Q-Learning,4,60,-941.4010627297299,-0.05650296453108813,11404.0,75.0
Q-Learning,4,61,-944.0387850695615,-0.04470715830223078,11463.0,59.0
Q-Learning,4,62,-954.0765074093931,-0.07547159654008713,11596.0,133.0
Q-Learning,4,63,-954.0142297492247,0.0019461768802618157,11628.0,32.0
Q-Learning,4,64,-955.9519520890562,-0.03726389115060805,11680.0,52.0
Q-Learning,4,65,-958.4896744288878,-0.043753833445372696,11738.0,58.0
Q-Learning,4,66,-963.0273967687194,-0.058175927433738575,11816.0,78.0
Q-Learning,4,67,-966.3651191085511,-0.05057155060350929,11882.0,66.0
Q-Learning,4,68,-969.1028414483827,-0.04562870566386026,11942.0,60.0
Q-Learning,4,69,-973.3405637882144,-0.05650296453108813,12017.0,75.0
Q-Learning,4,70,-975.578286128046,-0.04068586072421122,12072.0,55.0
Q-Learning,4,71,-980.5160084678776,-0.0602161260955074,12154.0,82.0
Q-Learning,4,72,-981.4537308077091,-0.02232672237694338,12196.0,42.0
Q-Learning,4,73,-982.4914531475407,-0.024133077670502826,12239.0,43.0
Q-Learning,4,74,-986.0291754873723,-0.05202532852693548,12307.0,68.0
Q-Learning,4,75,-993.5668978272039,-0.0697937253688111,12415.0,108.0
Q-Learning,4,76,-994.5046201670355,-0.02232672237694338,12457.0,42.0
Q-Learning,4,77,-999.542342506867,-0.06069544987748924,12540.0,83.0
Q-Learning,4,78,-1012.3800648466986,-0.07973740583746322,12701.0,161.0
Q-Learning,4,79,-1018.5177871865302,-0.06529491850884685,12795.0,94.0
Q-Learning,4,80,-1035.4555095263618,-0.08385011059322593,12997.0,202.0
Q-Learning,4,81,-1045.2932318661933,-0.07509711709795107,13128.0,131.0
Q-Learning,4,82,-1048.6309542060249,-0.05057155060350929,13194.0,66.0
Q-Learning,4,83,-1051.1686765458564,-0.043753833445372696,13252.0,58.0
Q-Learning,4,84,-1049.906398885688,0.06311388300841894,13272.0,20.0
Q-Learning,4,85,-1050.6441212255197,-0.018443058495790567,13312.0,40.0
Q-Learning,4,86,-1051.6818435653513,-0.024133077670502826,13355.0,43.0
Q-Learning,4,87,-1067.319565905183,-0.08273927163932072,13544.0,189.0
Q-Learning,4,88,-1066.8572882450146,0.016509916434584944,13572.0,28.0
Q-Learning,4,89,-1066.8950105848462,-0.0011431012070188481,13605.0,33.0
Q-Learning,4,90,-1073.1327329246778,-0.06566023515612213,13700.0,95.0
Q-Learning,4,91,-1076.0704552645095,-0.04738261838438088,13762.0,62.0
Q-Learning,4,92,-1077.408177604341,-0.029080920431122183,13808.0,46.0
Q-Learning,4,93,-1083.7458999441726,-0.06601794103991253,13904.0,96.0
Q-Learning,4,94,-1083.4836222840042,0.008742588672279276,13934.0,30.0
Q-Learning,4,95,-1087.121344623836,-0.052720613620748,14003.0,69.0
Q-Learning,4,96,-1089.6590669636676,-0.043753833445372696,14061.0,58.0
Q-Learning,4,97,-1097.8967893034992,-0.07163236817244865,14176.0,115.0
Q-Learning,4,98,-1097.8345116433309,0.0019461768802618157,14208.0,32.0
Q-Learning,4,99,-1097.8722339831625,-0.0011431012070188481,14241.0,33.0
Q-Learning,5,0,-10.237722339831588,-0.0758349802950488,135.0,135.0
Q-Learning,5,1,-142.4754446796598,-0.09759241501094335,1490.0,1355.0
Q-Learning,5,2,-209.91316701949168,-0.09538574588377918,2197.0,707.0
Q-Learning,5,3,-223.85088935932328,-0.08103326941762554,2369.0,172.0
Q-Learning,5,4,-252.3886116991551,-0.08974126521959687,2687.0,318.0
Q-Learning,5,5,-336.12633403898604,-0.09625025556302408,3557.0,870.0
Q-Learning,5,6,-361.5640563788178,-0.08863317888443122,3844.0,287.0
Q-Learning,5,7,-389.5017787186496,-0.08954398185843523,4156.0,312.0
Q-Learning,5,8,-393.8395010584812,-0.057075293945152754,4232.0,76.0
Q-Learning,5,9,-506.2772233983105,-0.09718039960227254,5389.0,1157.0
Q-Learning,5,10,-520.2149457381421,-0.08103326941762554,5561.0,172.0
Q-Learning,5,11,-535.0526680779737,-0.08197636651840666,5742.0,181.0
Q-Learning,5,12,-553.3903904178054,-0.08489686268440583,5958.0,216.0
Q-Learning,5,13,-572.9281127576371,-0.08569176464838453,6186.0,228.0
Q-Learning,5,14,-581.2658350974687,-0.07187691672268616,6302.0,116.0
Q-Learning,5,15,-604.0035574373004,-0.087452778230122,6562.0,260.0
Q-Learning,5,16,-635.7412797771323,-0.09067920668523385,6912.0,350.0
Q-Learning,5,17,-657.479002116964,-0.08695088935932682,7162.0,250.0
Q-Learning,5,18,-683.6167244567957,-0.08890381748242097,7456.0,294.0
Q-Learning,5,19,-710.5544467966275,-0.08919775609215821,7758.0,302.0
Q-Learning,5,20,-718.8921691364591,-0.07187691672268616,7874.0,116.0
Q-Learning,5,21,-731.1298914762907,-0.07895304735375214,8029.0,155.0
Q-Learning,5,22,-736.0676138161223,-0.0602161260955074,8111.0,82.0
Q-Learning,5,23,-738.1053361559539,-0.038447591317577696,8164.0,53.0
Q-Learning,5,24,-764.3430584957856,-0.08894143166044667,8459.0,295.0
Q-Learning,5,25,-780.7807808356173,-0.0834402149230032,8656.0,197.0
Q-Learning,5,26,-784.118503175449,-0.05057155060350929,8722.0,66.0
Q-Learning,5,27,-790.5562255152805,-0.06636827154465569,8819.0,97.0
Q-Learning,5,28,-799.0939478551121,-0.0723535791511152,8937.0,118.0
Q-Learning,5,29,-802.9316701949438,-0.05405242732157199,9008.0,71.0
Q-Learning,5,30,-841.1693925347757,-0.09213908997549865,9423.0,415.0
Q-Learning,5,31,-848.0071148746074,-0.06770022118645148,9524.0,101.0
Q-Learning,5,32,-851.244837214439,-0.049811112920486365,9589.0,65.0
Q-Learning,5,33,-863.3825595542706,-0.07881637883007521,9743.0,154.0
Q-Learning,5,34,-868.2202818941023,-0.05972496715841491,9824.0,81.0
Q-Learning,5,35,-873.4580042339339,-0.06162026282154831,9909.0,85.0
Q-Learning,5,36,-880.2957265737655,-0.06770022118645148,10010.0,101.0
Q-Learning,5,37,-883.233448913597,-0.04738261838438088,10072.0,62.0
Q-Learning,5,38,-926.3711712534291,-0.09296922918067244,10536.0,464.0
Q-Learning,5,39,-932.6088935932607,-0.06566023515612213,10631.0,95.0
Q-Learning,5,40,-932.3466159330924,0.008742588672279276,10661.0,30.0
Q-Learning,5,41,-941.384338272924,-0.07347741739700482,10784.0,123.0
Q-Learning,5,42,-949.3220606127555,-0.07087252089135354,10896.0,112.0
Q-Learning,5,43,-951.8597829525871,-0.043753833445372696,10954.0,58.0
Q-Learning,5,44,-959.5975052924188,-0.07034293036210543,11064.0,110.0
Q-Learning,5,45,-967.0352276322503,-0.0695114237367439,11171.0,107.0
Q-Learning,5,46,-967.5729499720819,-0.014150587890305854,11209.0,38.0
Q-Learning,5,47,-971.6106723119135,-0.055311264929200146,11282.0,73.0
Q-Learning,5,48,-975.2483946517451,-0.052720613620748,11351.0,69.0
Q-Learning,5,49,-989.1861169915767,-0.08103326941762554,11523.0,172.0
Q-Learning,5,50,-992.0238393314083,-0.04652003835789533,11584.0,61.0
Q-Learning,5,51,-994.4615616712399,-0.04276705859353713,11641.0,57.0
Q-Learning,5,52,-994.6992840110715,-0.006792066852332062,11676.0,35.0
Q-Learning,5,53,-1002.0370063509031,-0.06922379565878867,11782.0,106.0
Q-Learning,5,54,-1016.7747286907347,-0.08187623522128669,11962.0,180.0
Q-Learning,5,55,-1023.1124510305664,-0.06601794103991253,12058.0,96.0
Q-Learning,5,56,-1024.350173370398,-0.02750494088514713,12103.0,45.0
Q-Learning,5,57,-1027.7878957102296,-0.05130928865420318,12170.0,67.0
Q-Learning,5,58,-1030.2256180500613,-0.04276705859353713,12227.0,57.0
Q-Learning,5,59,-1031.363340389893,-0.025857325905264118,12271.0,44.0
Q-Learning,5,60,-1032.3010627297247,-0.02232672237694338,12313.0,42.0
Q-Learning,5,61,-1035.8387850695563,-0.05202532852693548,12381.0,68.0
Q-Learning,5,62,-1035.8765074093878,-0.0011431012070188481,12414.0,33.0
Q-Learning,5,63,-1036.9142297492194,-0.024133077670502826,12457.0,43.0
Q-Learning,5,64,-1039.251952089051,-0.041745041782707444,12513.0,56.0
Q-Learning,5,65,-1046.8896744288825,-0.07007084715441833,12622.0,109.0
Q-Learning,5,66,-1060.727396768714,-0.08092235286451223,12793.0,171.0
Q-Learning,5,67,-1063.6651191085457,-0.04738261838438088,12855.0,62.0
Q-Learning,5,68,-1066.7028414483773,-0.048217814917962135,12918.0,63.0
Q-Learning,5,69,-1070.2405637882089,-0.05202532852693548,12986.0,68.0
Q-Learning,5,70,-1072.0782861280404,-0.03603377136924742,13037.0,51.0
Q-Learning,5,71,-1082.016008467872,-0.07528577530175447,13169.0,132.0
Q-Learning,5,72,-1086.6537308077036,-0.058705346073817825,13248.0,79.0
Q-Learning,5,73,-1095.291453147535,-0.07258590201539154,13367.0,119.0
Q-Learning,5,74,-1101.0291754873667,-0.06375247044257339,13457.0,90.0
Q-Learning,5,75,-1109.4668978271984,-0.0721172849558256,13574.0,117.0
Q-Learning,5,76,-1109.6046201670301,-0.004050657053871237,13608.0,34.0
Q-Learning,5,77,-1117.0423425068618,-0.0695114237367439,13715.0,107.0
Q-Learning,5,78,-1123.3800648466934,-0.06601794103991253,13811.0,96.0
Q-Learning,5,79,-1139.017787186525,-0.08273927163932072,14000.0,189.0
Q-Learning,5,80,-1137.8555095263566,0.05534655524611329,14021.0,21.0
Q-Learning,5,81,-1141.3932318661882,-0.05202532852693548,14089.0,68.0
Q-Learning,5,82,-1142.83095420602,-0.030589837017694046,14136.0,47.0
Q-Learning,5,83,-1144.6686765458514,-0.03603377136924742,14187.0,51.0
Q-Learning,5,84,-1147.3063988856832,-0.04470715830223078,14246.0,59.0
Q-Learning,5,85,-1149.1441212255147,-0.03603377136924742,14297.0,51.0
Q-Learning,5,86,-1149.6818435653463,-0.014150587890305854,14335.0,38.0
Q-Learning,5,87,-1156.0195659051778,-0.06601794103991253,14431.0,96.0
Q-Learning,5,88,-1158.3572882450094,-0.041745041782707444,14487.0,56.0
Q-Learning,5,89,-1159.595010584841,-0.02750494088514713,14532.0,45.0
Q-Learning,5,90,-1164.3327329246727,-0.0592215292478951,14612.0,80.0
Q-Learning,5,91,-1171.7704552645043,-0.0695114237367439,14719.0,107.0
Q-Learning,5,92,-1174.008177604336,-0.04068586072421122,14774.0,55.0
Q-Learning,5,93,-1175.3458999441675,-0.029080920431122183,14820.0,46.0
Q-Learning,5,94,-1178.4836222839992,-0.04902691155986897,14884.0,64.0
Q-Learning,5,95,-1180.121344623831,-0.03342290489452285,14933.0,49.0
Q-Learning,5,96,-1184.0590669636626,-0.054690588053216825,15005.0,72.0
Q-Learning,5,97,-1186.8967893034942,-0.04652003835789533,15066.0,61.0
Q-Learning,5,98,-1189.9345116433258,-0.048217814917962135,15129.0,63.0
Q-Learning,5,99,-1196.9722339831574,-0.06832740135758834,15232.0,103.0
Q-Learning,6,0,-40.43772233983197,-0.0925348337295926,437.0,437.0
Q-Learning,6,1,-75.47544467966387,-0.09148230375935221,820.0,383.0
Q-Learning,6,2,-106.81316701949571,-0.09057145184922498,1166.0,346.0
Q-Learning,6,3,-203.35088935932595,-0.09673118470924873,2164.0,998.0
Q-Learning,6,4,-276.7886116991575,-0.09574670448478688,2931.0,767.0
Q-Learning,6,5,-292.4263340389891,-0.08273927163932072,3120.0,189.0
Q-Learning,6,6,-344.1640563788213,-0.09406858607242206,3670.0,550.0
Q-Learning,6,7,-371.30177871865305,-0.08926882348628876,3974.0,304.0
Q-Learning,6,8,-406.13950105848494,-0.09143759144312832,4355.0,381.0
Q-Learning,6,9,-433.4772233983167,-0.08933896189487511,4661.0,306.0
Q-Learning,6,10,-489.6149457381489,-0.09450795006705756,5255.0,594.0
Q-Learning,6,11,-517.2526680779807,-0.08944246711919673,5564.0,309.0
Q-Learning,6,12,-530.7903904178123,-0.08058168059423564,5732.0,168.0
Q-Learning,6,13,-534.3281127576439,-0.05202532852693548,5800.0,68.0
Q-Learning,6,14,-543.1658350974755,-0.073039027601914,5921.0,121.0
Q-Learning,6,15,-588.0035574373074,-0.09321771796222876,6402.0,481.0
Q-Learning,6,16,-603.1412797771391,-0.08227023010778049,6586.0,184.0
Q-Learning,6,17,-607.6790021169707,-0.058175927433738575,6664.0,78.0
Q-Learning,6,18,-627.2167244568024,-0.08569176464838453,6892.0,228.0
Q-Learning,6,19,-642.6544467966339,-0.08255466491888563,7079.0,187.0
Q-Learning,6,20,-645.8921691364656,-0.049811112920486365,7144.0,65.0
Q-Learning,6,21,-669.7298914762973,-0.08796207505472965,7415.0,271.0
Q-Learning,6,22,-671.8676138161289,-0.03958745073762255,7469.0,54.0
Q-Learning,6,23,-679.2053361559605,-0.06922379565878867,7575.0,106.0
Q-Learning,6,24,-695.8430584957921,-0.08360664492377705,7774.0,199.0
Q-Learning,6,25,-704.6807808356236,-0.073039027601914,7895.0,121.0
Q-Learning,6,26,-709.7185031754552,-0.06069544987748924,7978.0,83.0
Q-Learning,6,27,-712.5562255152869,-0.04652003835789533,8039.0,61.0
Q-Learning,6,28,-716.7939478551185,-0.05650296453108813,8114.0,75.0
Q-Learning,6,29,-721.0316701949502,-0.05650296453108813,8189.0,75.0
Q-Learning,6,30,-725.6693925347818,-0.058705346073817825,8268.0,79.0
Q-Learning,6,31,-738.1071148746133,-0.07922116140020115,8425.0,157.0
Q-Learning,6,32,-746.1448372144449,-0.07113028619319997,8538.0,113.0
Q-Learning,6,33,-759.1825595542765,-0.07998602662473363,8701.0,163.0
Q-Learning,6,34,-769.2202818941081,-0.07547159654008713,8834.0,133.0
Q-Learning,6,35,-777.4580042339397,-0.07163236817244865,8949.0,115.0
Q-Learning,6,36,-832.8957265737719,-0.0944424571377039,9536.0,587.0
Q-Learning,6,37,-833.2334489136035,-0.009381176106433952,9572.0,36.0
Q-Learning,6,38,-840.0711712534351,-0.06770022118645148,9673.0,101.0
Q-Learning,6,39,-843.4088935932667,-0.05057155060350929,9739.0,66.0
Q-Learning,6,40,-848.6466159330984,-0.06162026282154831,9824.0,85.0
Q-Learning,6,41,-857.9843382729299,-0.07410890745898088,9950.0,126.0
Q-Learning,6,42,-868.7220606127615,-0.07669801671308277,10090.0,140.0
Q-Learning,6,43,-869.0597829525932,-0.009381176106433952,10126.0,36.0
Q-Learning,6,44,-871.1975052924248,-0.03958745073762255,10180.0,54.0
Q-Learning,6,45,-877.1352276322564,-0.06454046021556091,10272.0,92.0
Q-Learning,6,46,-881.872949972088,-0.0592215292478951,10352.0,80.0
Q-Learning,6,47,-888.5106723119196,-0.0670477004023394,10451.0,99.0
Q-Learning,6,48,-892.6483946517512,-0.055915166754481216,10525.0,74.0
Q-Learning,6,49,-894.9861169915829,-0.041745041782707444,10581.0,56.0
Q-Learning,6,50,-902.4238393314145,-0.0695114237367439,10688.0,107.0
Q-Learning,6,51,-913.261561671246,-0.07686327900589777,10829.0,141.0
Q-Learning,6,52,-915.3992840110776,-0.03958745073762255,10883.0,54.0
Q-Learning,6,53,-917.6370063509092,-0.04068586072421122,10938.0,55.0
Q-Learning,6,54,-918.1747286907408,-0.014150587890305854,10976.0,38.0
Q-Learning,6,55,-922.3124510305724,-0.055915166754481216,11050.0,74.0
Q-Learning,6,56,-930.0501733704041,-0.07034293036210543,11160.0,110.0
Q-Learning,6,57,-930.2878957102357,-0.006792066852332062,11195.0,35.0
Q-Learning,6,58,-937.0256180500674,-0.067377223398316,11295.0,100.0
Q-Learning,6,59,-956.363340389899,-0.08556514309660032,11521.0,226.0
Q-Learning,6,60,-960.1010627297306,-0.05339603342616588,11591.0,70.0
Q-Learning,6,61,-965.3387850695623,-0.06162026282154831,11676.0,85.0
Q-Learning,6,62,-966.2765074093938,-0.02232672237694338,11718.0,42.0
Q-Learning,6,63,-978.3142297492254,-0.0786779237897489,11871.0,153.0
Q-Learning,6,64,-982.751952089057,-0.05763275766015077,11948.0,77.0
Q-Learning,6,65,-987.5896744288887,-0.05972496715841491,12029.0,81.0
Q-Learning,6,66,-990.4273967687203,-0.04652003835789533,12090.0,61.0
Q-Learning,6,67,-1010.065119108552,-0.08575424602546583,12319.0,229.0
Q-Learning,6,68,-1015.4028414483837,-0.062066538835251234,12405.0,86.0
Q-Learning,6,69,-1015.4405637882153,-0.0011431012070188481,12438.0,33.0
Q-Learning,6,70,-1021.278286128047,-0.06415079494320444,12529.0,91.0
Q-Learning,6,71,-1025.1160084678786,-0.05405242732157199,12600.0,71.0
Q-Learning,6,72,-1027.6537308077102,-0.043753833445372696,12658.0,58.0
Q-Learning,6,73,-1031.9914531475417,-0.057075293945152754,12734.0,76.0
Q-Learning,6,74,-1034.4291754873734,-0.04276705859353713,12791.0,57.0
Q-Learning,6,75,-1036.166897827205,-0.03475444679663238,12841.0,50.0
Q-Learning,6,76,-1037.9046201670367,-0.03475444679663238,12891.0,50.0
Q-Learning,6,77,-1040.2423425068682,-0.041745041782707444,12947.0,56.0
Q-Learning,6,78,-1042.6800648467,-0.04276705859353713,13004.0,57.0
Q-Learning,6,79,-1050.9177871865315,-0.07163236817244865,13119.0,115.0
Q-Learning,6,80,-1054.6555095263632,-0.05339603342616588,13189.0,70.0
Q-Learning,6,81,-1058.0932318661949,-0.05130928865420318,13256.0,67.0
Q-Learning,6,82,-1059.9309542060264,-0.03603377136924742,13307.0,51.0
Q-Learning,6,83,-1067.968676545858,-0.07113028619319997,13420.0,113.0
Q-Learning,6,84,-1070.6063988856897,-0.04470715830223078,13479.0,59.0
Q-Learning,6,85,-1073.2441212255214,-0.04470715830223078,13538.0,59.0
Q-Learning,6,86,-1080.081843565353,-0.06770022118645148,13639.0,101.0
Q-Learning,6,87,-1081.8195659051846,-0.03475444679663238,13689.0,50.0
Q-Learning,6,88,-1082.6572882450162,-0.020432252191015177,13730.0,41.0
Q-Learning,6,89,-1085.9950105848477,-0.05057155060350929,13796.0,66.0
Q-Learning,6,90,-1090.3327329246792,-0.057075293945152754,13872.0,76.0
Q-Learning,6,91,-1095.3704552645108,-0.06069544987748924,13955.0,83.0
Q-Learning,6,92,-1095.5081776043426,-0.004050657053871237,13989.0,34.0
Q-Learning,6,93,-1099.5458999441742,-0.055311264929200146,14062.0,73.0
Q-Learning,6,94,-1100.9836222840058,-0.030589837017694046,14109.0,47.0
Q-Learning,6,95,-1107.7213446238375,-0.067377223398316,14209.0,100.0
Q-Learning,6,96,-1110.059066963669,-0.041745041782707444,14265.0,56.0
Q-Learning,6,97,-1117.5967893035006,-0.0697937253688111,14373.0,108.0
Q-Learning,6,98,-1118.6345116433322,-0.024133077670502826,14416.0,43.0
Q-Learning,6,99,-1120.9722339831637,-0.041745041782707444,14472.0,56.0
Q-Learning,7,0,-212.23772233982368,-0.09848618206024301,2155.0,2155.0
Q-Learning,7,1,-253.27544467965566,-0.09263594207637016,2598.0,443.0
Q-Learning,7,2,-270.2131670194873,-0.08385011059322593,2800.0,202.0
Q-Learning,7,3,-309.45088935931926,-0.09232405256431048,3225.0,425.0
Q-Learning,7,4,-329.98861169915097,-0.08629295100769617,3463.0,238.0
Q-Learning,7,5,-387.9263340389832,-0.09466948094743827,4075.0,612.0
Q-Learning,7,6,-428.56405637881517,-0.0925688435987061,4514.0,439.0
Q-Learning,7,7,-508.50177871864634,-0.09607899319691246,5346.0,832.0
Q-Learning,7,8,-533.1395010584781,-0.0883072485298629,5625.0,279.0
Q-Learning,7,9,-551.4772233983098,-0.08489686268440583,5841.0,216.0
Q-Learning,7,10,-592.1149457381417,-0.0925688435987061,6280.0,439.0
Q-Learning,7,11,-609.7526680779733,-0.08439101598005573,6489.0,209.0
Q-Learning,7,12,-638.4903904178052,-0.0898053823119744,6809.0,320.0
Q-Learning,7,13,-661.328112757637,-0.08750085187674989,7070.0,261.0
Q-Learning,7,14,-671.7658350974685,-0.07618775430534006,7207.0,137.0
Q-Learning,7,15,-673.4035574373002,-0.03342290489452285,7256.0,49.0
Q-Learning,7,16,-675.4412797771317,-0.038447591317577696,7309.0,53.0
Q-Learning,7,17,-690.5790021169634,-0.08227023010778049,7493.0,184.0
Q-Learning,7,18,-712.7167244567951,-0.08715638716469178,7747.0,254.0
Q-Learning,7,19,-717.0544467966267,-0.057075293945152754,7823.0,76.0
Q-Learning,7,20,-734.0921691364583,-0.08392966669867802,8026.0,203.0
Q-Learning,7,21,-750.2298914762899,-0.08318413577232797,8220.0,194.0
Q-Learning,7,22,-762.6676138161215,-0.07922116140020115,8377.0,157.0
Q-Learning,7,23,-764.6053361559531,-0.03726389115060805,8429.0,52.0
Q-Learning,7,24,-771.2430584957847,-0.0670477004023394,8528.0,99.0
Q-Learning,7,25,-781.0807808356162,-0.07509711709795107,8659.0,131.0
Q-Learning,7,26,-794.6185031754478,-0.08058168059423564,8827.0,168.0
Q-Learning,7,27,-797.9562255152795,-0.05057155060350929,8893.0,66.0
Q-Learning,7,28,-811.9939478551111,-0.08114290369844852,9066.0,173.0
Q-Learning,7,29,-821.8316701949426,-0.07509711709795107,9197.0,131.0
Q-Learning,7,30,-830.8693925347742,-0.07347741739700482,9320.0,123.0
Q-Learning,7,31,-836.9071148746058,-0.06492174558958713,9413.0,93.0
Q-Learning,7,32,-843.7448372144374,-0.06770022118645148,9514.0,101.0
Q-Learning,7,33,-847.182559554269,-0.05130928865420318,9581.0,67.0
Q-Learning,7,34,-855.6202818941006,-0.0721172849558256,9698.0,117.0
Q-Learning,7,35,-865.3580042339322,-0.074905556460243,9828.0,130.0
Q-Learning,7,36,-881.5957265737638,-0.08327037097349553,10023.0,195.0
Q-Learning,7,37,-889.7334489135955,-0.07138352929676839,10137.0,114.0
Q-Learning,7,38,-899.171171253427,-0.0743127743293826,10264.0,127.0
Q-Learning,7,39,-901.0088935932587,-0.03603377136924742,10315.0,51.0
Q-Learning,7,40,-912.3466159330902,-0.07765563246459989,10461.0,146.0
Q-Learning,7,41,-928.6843382729219,-0.08335572622363076,10657.0,196.0
Q-Learning,7,42,-934.1220606127534,-0.06250255563024834,10744.0,87.0
Q-Learning,7,43,-943.959782952585,-0.07509711709795107,10875.0,131.0
Q-Learning,7,44,-951.5975052924166,-0.07007084715441833,10984.0,109.0
Q-Learning,7,45,-955.7352276322482,-0.055915166754481216,11058.0,74.0
Q-Learning,7,46,-967.8729499720798,-0.07881637883007521,11212.0,154.0
Q-Learning,7,47,-968.7106723119115,-0.020432252191015177,11253.0,41.0
Q-Learning,7,48,-982.8483946517431,-0.08125127781512412,11427.0,174.0
Q-Learning,7,49,-985.5861169915747,-0.04562870566386026,11487.0,60.0
Q-Learning,7,50,-993.9238393314063,-0.07187691672268616,11603.0,116.0
Q-Learning,7,51,-996.4615616712379,-0.043753833445372696,11661.0,58.0
Q-Learning,7,52,-997.6992840110695,-0.02750494088514713,11706.0,45.0
Q-Learning,7,53,-999.4370063509011,-0.03475444679663238,11756.0,50.0
Q-Learning,7,54,-1006.9747286907327,-0.0697937253688111,11864.0,108.0
Q-Learning,7,55,-1007.4124510305643,-0.011830333508962766,11901.0,37.0
Q-Learning,7,56,-1011.0501733703959,-0.052720613620748,11970.0,69.0
Q-Learning,7,57,-1011.1878957102275,-0.004050657053871237,12004.0,34.0
Q-Learning,7,58,-1010.8256180500591,0.012492333109254426,12033.0,29.0
Q-Learning,7,59,-1016.9633403898907,-0.06529491850884685,12127.0,94.0
Q-Learning,7,60,-1020.6010627297223,-0.052720613620748,12196.0,69.0
Q-Learning,7,61,-1022.338785069554,-0.03475444679663238,12246.0,50.0
Q-Learning,7,62,-1025.6765074093855,-0.05057155060350929,12312.0,66.0
Q-Learning,7,63,-1026.3142297492172,-0.016351854867477502,12351.0,39.0
Q-Learning,7,64,-1028.751952089049,-0.04276705859353713,12408.0,57.0
Q-Learning,7,65,-1036.2896744288805,-0.0697937253688111,12516.0,108.0
Q-Learning,7,66,-1035.7273967687122,0.02082509852475476,12543.0,27.0
Q-Learning,7,67,-1046.3651191085437,-0.07653037654555099,12682.0,139.0
Q-Learning,7,68,-1047.2028414483752,-0.020432252191015177,12723.0,41.0
Q-Learning,7,69,-1052.8405637882067,-0.06334519482956859,12812.0,89.0
Q-Learning,7,70,-1055.3782861280383,-0.043753833445372696,12870.0,58.0
Q-Learning,7,71,-1058.51600846787,-0.04902691155986897,12934.0,64.0
Q-Learning,7,72,-1064.0537308077016,-0.06292866295263187,13022.0,88.0
Q-Learning,7,73,-1067.4914531475333,-0.05130928865420318,13089.0,67.0
Q-Learning,7,74,-1070.929175487365,-0.05130928865420318,13156.0,67.0
Q-Learning,7,75,-1074.7668978271965,-0.05405242732157199,13227.0,71.0
Q-Learning,7,76,-1074.7046201670282,0.0019461768802618157,13259.0,32.0
Q-Learning,7,77,-1074.14234250686,0.02082509852475476,13286.0,27.0
Q-Learning,7,78,-1093.6800648466915,-0.08569176464838453,13514.0,228.0
Q-Learning,7,79,-1099.717787186523,-0.06492174558958713,13607.0,93.0
Q-Learning,7,80,-1100.5555095263546,-0.020432252191015177,13648.0,41.0
Q-Learning,7,81,-1100.6932318661864,-0.004050657053871237,13682.0,34.0
Q-Learning,7,82,-1102.730954206018,-0.038447591317577696,13735.0,53.0
Q-Learning,7,83,-1106.8686765458494,-0.055915166754481216,13809.0,74.0
Q-Learning,7,84,-1109.706398885681,-0.04652003835789533,13870.0,61.0
Q-Learning,7,85,-1110.3441212255127,-0.016351854867477502,13909.0,39.0
Q-Learning,7,86,-1114.8818435653443,-0.058175927433738575,13987.0,78.0
Q-Learning,7,87,-1115.319565905176,-0.011830333508962766,14024.0,37.0
Q-Learning,7,88,-1118.5572882450076,-0.049811112920486365,14089.0,65.0
Q-Learning,7,89,-1122.3950105848392,-0.05405242732157199,14160.0,71.0
Q-Learning,7,90,-1122.7327329246707,-0.009381176106433952,14196.0,36.0
Q-Learning,7,91,-1124.5704552645022,-0.03603377136924742,14247.0,51.0
Q-Learning,7,92,-1127.508177604334,-0.04738261838438088,14309.0,62.0
Q-Learning,7,93,-1127.8458999441655,-0.009381176106433952,14345.0,36.0
Q-Learning,7,94,-1128.883622283997,-0.024133077670502826,14388.0,43.0
Q-Learning,7,95,-1130.1213446238287,-0.02750494088514713,14433.0,45.0
Q-Learning,7,96,-1130.5590669636604,-0.011830333508962766,14470.0,37.0
Q-Learning,7,97,-1130.996789303492,-0.011830333508962766,14507.0,37.0
Q-Learning,7,98,-1130.7345116433237,0.008742588672279276,14537.0,30.0
Q-Learning,7,99,-1132.1722339831554,-0.030589837017694046,14584.0,47.0
Q-Learning,8,0,-11.837722339831583,-0.07839551218431512,151.0,151.0
Q-Learning,8,1,-21.475444679663173,-0.07471102589016737,280.0,129.0
Q-Learning,8,2,-170.21316701949047,-0.09785376469725479,1800.0,1520.0
Q-Learning,8,3,-183.75088935932206,-0.08058168059423564,1968.0,168.0
Q-Learning,8,4,-241.58861169915428,-0.09466075669366976,2579.0,611.0
Q-Learning,8,5,-258.92633403898594,-0.08416370067879439,2785.0,206.0
Q-Learning,8,6,-267.76405637881754,-0.073039027601914,2906.0,121.0
Q-Learning,8,7,-303.6017787186494,-0.0916565788742504,3297.0,391.0
Q-Learning,8,8,-314.439501058481,-0.07686327900589777,3438.0,141.0
Q-Learning,8,9,-321.9772233983126,-0.0697937253688111,3546.0,108.0
Q-Learning,8,10,-361.01494573814455,-0.09228775966863345,3969.0,423.0
Q-Learning,8,11,-386.95266807797634,-0.08882781623230057,4261.0,292.0
Q-Learning,8,12,-399.8903904178079,-0.07986248357920728,4423.0,162.0
Q-Learning,8,13,-437.92811275763984,-0.09210102261460518,4836.0,413.0
Q-Learning,8,14,-446.4658350974714,-0.0723535791511152,4954.0,118.0
Q-Learning,8,15,-450.10355743730304,-0.052720613620748,5023.0,69.0
Q-Learning,8,16,-466.54127977713466,-0.0834402149230032,5220.0,197.0
Q-Learning,8,17,-508.37900211696666,-0.0927665683810022,5671.0,451.0
Q-Learning,8,18,-519.6167244567982,-0.07750153337814886,5816.0,145.0
Q-Learning,8,19,-528.6544467966298,-0.07347741739700482,5939.0,123.0
Q-Learning,8,20,-537.2921691364614,-0.07258590201539154,6058.0,119.0
Q-Learning,8,21,-548.329891476293,-0.07718686950931179,6201.0,143.0
Q-Learning,8,22,-554.3676138161246,-0.06492174558958713,6294.0,93.0
Q-Learning,8,23,-573.7053361559563,-0.08556514309660032,6520.0,226.0
Q-Learning,8,24,-582.3430584957879,-0.07258590201539154,6639.0,119.0
Q-Learning,8,25,-588.5807808356195,-0.06566023515612213,6734.0,95.0
Q-Learning,8,26,-590.7185031754511,-0.03958745073762255,6788.0,54.0
Q-Learning,8,27,-612.5562255152828,-0.08700287784793509,7039.0,251.0
Q-Learning,8,28,-627.3939478551144,-0.08197636651840666,7220.0,181.0
Q-Learning,8,29,-630.431670194946,-0.048217814917962135,7283.0,63.0
Q-Learning,8,30,-633.3693925347776,-0.04738261838438088,7345.0,62.0
Q-Learning,8,31,-641.5071148746092,-0.07138352929676839,7459.0,114.0
Q-Learning,8,32,-641.2448372144408,0.008742588672279276,7489.0,30.0
Q-Learning,8,33,-646.3825595542725,-0.06116336118847151,7573.0,84.0
Q-Learning,8,34,-659.0202818941041,-0.07948253043919233,7732.0,159.0
Q-Learning,8,35,-673.9580042339356,-0.08207539747160224,7914.0,182.0
Q-Learning,8,36,-679.2957265737673,-0.062066538835251234,8000.0,86.0
Q-Learning,8,37,-693.3334489135989,-0.08114290369844852,8173.0,173.0
Q-Learning,8,38,-696.2711712534305,-0.04738261838438088,8235.0,62.0
Q-Learning,8,39,-714.4088935932621,-0.08475571186837222,8449.0,214.0
Q-Learning,8,40,-719.9466159330937,-0.06292866295263187,8537.0,88.0
Q-Learning,8,41,-721.1843382729253,-0.02750494088514713,8582.0,45.0
Q-Learning,8,42,-723.4220606127569,-0.04068586072421122,8637.0,55.0
Q-Learning,8,43,-731.6597829525886,-0.07163236817244865,8752.0,115.0
Q-Learning,8,44,-737.0975052924201,-0.06250255563024834,8839.0,87.0
Q-Learning,8,45,-742.3352276322518,-0.06162026282154831,8924.0,85.0
Q-Learning,8,46,-743.8729499720833,-0.03203588207982541,8972.0,48.0
Q-Learning,8,47,-750.110672311915,-0.06566023515612213,9067.0,95.0
Q-Learning,8,48,-757.0483946517465,-0.06801688568462354,9169.0,102.0
Q-Learning,8,49,-767.0861169915781,-0.07547159654008713,9302.0,133.0
Q-Learning,8,50,-779.0238393314097,-0.0785376469725762,9454.0,152.0
Q-Learning,8,51,-787.4615616712413,-0.0721172849558256,9571.0,117.0
Q-Learning,8,52,-795.4992840110729,-0.07113028619319997,9684.0,113.0
Q-Learning,8,53,-810.2370063509045,-0.08187623522128669,9864.0,180.0
Q-Learning,8,54,-811.3747286907361,-0.025857325905264118,9908.0,44.0
Q-Learning,8,55,-815.9124510305677,-0.058175927433738575,9986.0,78.0
Q-Learning,8,56,-816.7501733703994,-0.020432252191015177,10027.0,41.0
Q-Learning,8,57,-822.587895710231,-0.06415079494320444,10118.0,91.0
Q-Learning,8,58,-824.9256180500627,-0.041745041782707444,10174.0,56.0
Q-Learning,8,59,-828.0633403898943,-0.04902691155986897,10238.0,64.0
Q-Learning,8,60,-838.4010627297258,-0.07601266426346756,10374.0,136.0
Q-Learning,8,61,-839.9387850695574,-0.03203588207982541,10422.0,48.0
Q-Learning,8,62,-844.176507409389,-0.05650296453108813,10497.0,75.0
Q-Learning,8,63,-850.8142297492207,-0.0670477004023394,10596.0,99.0
Q-Learning,8,64,-853.2519520890522,-0.04276705859353713,10653.0,57.0
Q-Learning,8,65,-854.3896744288838,-0.025857325905264118,10697.0,44.0
Q-Learning,8,66,-860.6273967687155,-0.06566023515612213,10792.0,95.0
Q-Learning,8,67,-862.9651191085471,-0.041745041782707444,10848.0,56.0
Q-Learning,8,68,-869.1028414483787,-0.06529491850884685,10942.0,94.0
Q-Learning,8,69,-869.8405637882104,-0.018443058495790567,10982.0,40.0
Q-Learning,8,70,-877.378286128042,-0.0697937253688111,11090.0,108.0
Q-Learning,8,71,-886.3160084678735,-0.07326001917894748,11212.0,122.0
Q-Learning,8,72,-889.3537308077051,-0.048217814917962135,11275.0,63.0
Q-Learning,8,73,-896.3914531475367,-0.06832740135758834,11378.0,103.0
Q-Learning,8,74,-895.3291754873683,0.04828534818947177,11400.0,22.0
Q-Learning,8,75,-903.4668978271999,-0.07138352929676839,11514.0,114.0
Q-Learning,8,76,-906.2046201670315,-0.04562870566386026,11574.0,60.0
Q-Learning,8,77,-906.0423425068632,0.005234763231238006,11605.0,31.0
Q-Learning,8,78,-906.9800648466947,-0.02232672237694338,11647.0,42.0
Q-Learning,8,79,-911.7177871865264,-0.0592215292478951,11727.0,80.0
Q-Learning,8,80,-915.855509526358,-0.055915166754481216,11801.0,74.0
Q-Learning,8,81,-916.2932318661896,-0.011830333508962766,11838.0,37.0
Q-Learning,8,82,-918.7309542060211,-0.04276705859353713,11895.0,57.0
Q-Learning,8,83,-918.8686765458527,-0.004050657053871237,11929.0,34.0
Q-Learning,8,84,-919.7063988856844,-0.020432252191015177,11970.0,41.0
Q-Learning,8,85,-921.344121225516,-0.03342290489452285,12019.0,49.0
Q-Learning,8,86,-925.9818435653476,-0.058705346073817825,12098.0,79.0
Q-Learning,8,87,-931.0195659051792,-0.06069544987748924,12181.0,83.0
Q-Learning,8,88,-931.9572882450108,-0.02232672237694338,12223.0,42.0
Q-Learning,8,89,-941.6950105848424,-0.074905556460243,12353.0,130.0
Q-Learning,8,90,-947.732732924674,-0.06492174558958713,12446.0,93.0
Q-Learning,8,91,-950.5704552645057,-0.04652003835789533,12507.0,61.0
Q-Learning,8,92,-952.0081776043372,-0.030589837017694046,12554.0,47.0
Q-Learning,8,93,-952.5458999441688,-0.014150587890305854,12592.0,38.0
Q-Learning,8,94,-954.2836222840004,-0.03475444679663238,12642.0,50.0
Q-Learning,8,95,-954.0213446238321,0.008742588672279276,12672.0,30.0
Q-Learning,8,96,-960.1590669636637,-0.06529491850884685,12766.0,94.0
Q-Learning,8,97,-964.2967893034953,-0.055915166754481216,12840.0,74.0
Q-Learning,8,98,-965.0345116433269,-0.018443058495790567,12880.0,40.0
Q-Learning,8,99,-968.9722339831585,-0.054690588053216825,12952.0,72.0
Q-Learning,9,0,-43.437722339832014,-0.09301439473197433,467.0,467.0
Q-Learning,9,1,-95.67544467966415,-0.09412202223393178,1022.0,555.0
Q-Learning,9,2,-146.21316701949627,-0.09393628687701136,1560.0,538.0
Q-Learning,9,3,-156.55088935932787,-0.07601266426346756,1696.0,136.0
Q-Learning,9,4,-249.08861169915832,-0.09659469972842427,2654.0,958.0
Q-Learning,9,5,-273.9263340389901,-0.08839047096025533,2935.0,281.0
Q-Learning,9,6,-308.16405637882195,-0.09130059290621835,3310.0,375.0
Q-Learning,9,7,-317.1017787186535,-0.07326001917894748,3432.0,122.0
Q-Learning,9,8,-339.53950105848526,-0.08730631260634909,3689.0,257.0
Q-Learning,9,9,-389.87722339831737,-0.09391366108177633,4225.0,536.0
Q-Learning,9,10,-406.914945738149,-0.08392966669867802,4428.0,203.0
Q-Learning,9,11,-422.0526680779806,-0.08227023010778049,4612.0,184.0
Q-Learning,9,12,-432.2903904178122,-0.0758349802950488,4747.0,135.0
Q-Learning,9,13,-460.528112757644,-0.08964356298359301,5062.0,315.0
Q-Learning,9,14,-466.7658350974756,-0.06566023515612213,5157.0,95.0
Q-Learning,9,15,-473.8035574373072,-0.06832740135758834,5260.0,103.0
Q-Learning,9,16,-508.64127977713906,-0.09143759144312832,5641.0,381.0
Q-Learning,9,17,-513.3790021169707,-0.0592215292478951,5721.0,80.0
Q-Learning,9,18,-541.9167244568025,-0.08974126521959687,6039.0,318.0
Q-Learning,9,19,-555.6544467966341,-0.08081013141077406,6209.0,170.0
Q-Learning,9,20,-561.2921691364658,-0.06334519482956859,6298.0,89.0
Q-Learning,9,21,-592.8298914762976,-0.09062563890756277,6646.0,348.0
Q-Learning,9,22,-597.9676138161292,-0.06116336118847151,6730.0,84.0
Q-Learning,9,23,-631.3053361559611,-0.09108667305964992,7096.0,366.0
Q-Learning,9,24,-638.3430584957927,-0.06832740135758834,7199.0,103.0
Q-Learning,9,25,-646.9807808356243,-0.07258590201539154,7318.0,119.0
Q-Learning,9,26,-656.5185031754559,-0.0745134557799343,7446.0,128.0
Q-Learning,9,27,-661.1562255152875,-0.058705346073817825,7525.0,79.0
Q-Learning,9,28,-681.3939478551191,-0.08611796740353908,7760.0,235.0
Q-Learning,9,29,-680.9316701949507,0.016509916434584944,7788.0,28.0
Q-Learning,9,30,-699.6693925347823,-0.08517146518105301,8008.0,220.0
Q-Learning,9,31,-713.5071148746139,-0.08092235286451223,8179.0,171.0
Q-Learning,9,32,-722.1448372144455,-0.07258590201539154,8298.0,119.0
Q-Learning,9,33,-728.6825595542771,-0.06671145244726125,8396.0,98.0
Q-Learning,9,34,-741.6202818941086,-0.07986248357920728,8558.0,162.0
Q-Learning,9,35,-746.0580042339402,-0.05763275766015077,8635.0,77.0
Q-Learning,9,36,-746.8957265737719,-0.020432252191015177,8676.0,41.0
Q-Learning,9,37,-754.6334489136035,-0.07034293036210543,8786.0,110.0
Q-Learning,9,38,-773.8711712534351,-0.08550098817702964,9011.0,225.0
Q-Learning,9,39,-778.3088935932667,-0.05763275766015077,9088.0,77.0
Q-Learning,9,40,-778.1466159330984,0.005234763231238006,9119.0,31.0
Q-Learning,9,41,-786.9843382729299,-0.073039027601914,9240.0,121.0
Q-Learning,9,42,-801.7220606127615,-0.08187623522128669,9420.0,180.0
Q-Learning,9,43,-818.4597829525932,-0.08368861169915817,9620.0,200.0
Q-Learning,9,44,-821.3975052924247,-0.04738261838438088,9682.0,62.0
Q-Learning,9,45,-831.9352276322563,-0.07636030681037383,9820.0,138.0
Q-Learning,9,46,-834.772949972088,-0.04652003835789533,9881.0,61.0
Q-Learning,9,47,-836.3106723119196,-0.03203588207982541,9929.0,48.0
Q-Learning,9,48,-836.1483946517512,0.005234763231238006,9960.0,31.0
Q-Learning,9,49,-836.8861169915829,-0.018443058495790567,10000.0,40.0
Q-Learning,9,50,-838.5238393314145,-0.03342290489452285,10049.0,49.0
Q-Learning,9,51,-842.961561671246,-0.05763275766015077,10126.0,77.0
Q-Learning,9,52,-844.0992840110777,-0.025857325905264118,10170.0,44.0
Q-Learning,9,53,-849.3370063509093,-0.06162026282154831,10255.0,85.0
Q-Learning,9,54,-853.7747286907409,-0.05763275766015077,10332.0,77.0
Q-Learning,9,55,-855.7124510305724,-0.03726389115060805,10384.0,52.0
Q-Learning,9,56,-859.5501733704041,-0.05405242732157199,10455.0,71.0
Q-Learning,9,57,-867.1878957102357,-0.07007084715441833,10564.0,109.0
Q-Learning,9,58,-868.0256180500674,-0.020432252191015177,10605.0,41.0
Q-Learning,9,59,-873.0633403898989,-0.06069544987748924,10688.0,83.0
Q-Learning,9,60,-878.1010627297305,-0.06069544987748924,10771.0,83.0
Q-Learning,9,61,-883.0387850695621,-0.0602161260955074,10853.0,82.0
Q-Learning,9,62,-885.8765074093938,-0.04652003835789533,10914.0,61.0
Q-Learning,9,63,-889.4142297492253,-0.05202532852693548,10982.0,68.0
Q-Learning,9,64,-900.4519520890569,-0.07718686950931179,11125.0,143.0
Q-Learning,9,65,-900.4896744288885,-0.0011431012070188481,11158.0,33.0
Q-Learning,9,66,-903.8273967687202,-0.05057155060350929,11224.0,66.0
Q-Learning,9,67,-907.7651191085517,-0.054690588053216825,11296.0,72.0
Q-Learning,9,68,-909.2028414483833,-0.030589837017694046,11343.0,47.0
Q-Learning,9,69,-915.040563788215,-0.06415079494320444,11434.0,91.0
Q-Learning,9,70,-915.1782861280466,-0.004050657053871237,11468.0,34.0
Q-Learning,9,71,-927.6160084678781,-0.07922116140020115,11625.0,157.0
Q-Learning,9,72,-930.5537308077097,-0.04738261838438088,11687.0,62.0
Q-Learning,9,73,-939.6914531475413,-0.07369130919219026,11811.0,124.0
Q-Learning,9,74,-944.7291754873729,-0.06069544987748924,11894.0,83.0
Q-Learning,9,75,-944.9668978272045,-0.006792066852332062,11929.0,35.0
Q-Learning,9,76,-948.6046201670362,-0.052720613620748,11998.0,69.0
Q-Learning,9,77,-950.8423425068678,-0.04068586072421122,12053.0,55.0
Q-Learning,9,78,-952.7800648466994,-0.03726389115060805,12105.0,52.0
Q-Learning,9,79,-957.117787186531,-0.057075293945152754,12181.0,76.0
Q-Learning,9,80,-958.8555095263627,-0.03475444679663238,12231.0,50.0
Q-Learning,9,81,-962.2932318661942,-0.05130928865420318,12298.0,67.0
Q-Learning,9,82,-963.6309542060259,-0.029080920431122183,12344.0,46.0
Q-Learning,9,83,-968.0686765458574,-0.05763275766015077,12421.0,77.0
Q-Learning,9,84,-973.106398885689,-0.06069544987748924,12504.0,83.0
Q-Learning,9,85,-973.8441212255207,-0.018443058495790567,12544.0,40.0
Q-Learning,9,86,-975.7818435653522,-0.03726389115060805,12596.0,52.0
Q-Learning,9,87,-987.2195659051838,-0.07780763496484071,12743.0,147.0
Q-Learning,9,88,-988.5572882450155,-0.029080920431122183,12789.0,46.0
Q-Learning,9,89,-987.995010584847,0.02082509852475476,12816.0,27.0
Q-Learning,9,90,-990.1327329246786,-0.03958745073762255,12870.0,54.0
Q-Learning,9,91,-991.6704552645102,-0.03203588207982541,12918.0,48.0
Q-Learning,9,92,-991.3081776043418,0.012492333109254426,12947.0,29.0
Q-Learning,9,93,-991.7458999441734,-0.011830333508962766,12984.0,37.0
Q-Learning,9,94,-993.383622284005,-0.03342290489452285,13033.0,49.0
Q-Learning,9,95,-994.2213446238367,-0.020432252191015177,13074.0,41.0
Q-Learning,9,96,-1000.7590669636683,-0.06671145244726125,13172.0,98.0
Q-Learning,9,97,-1003.6967893034998,-0.04738261838438088,13234.0,62.0
Q-Learning,9,98,-1006.3345116433314,-0.04470715830223078,13293.0,59.0
Q-Learning,9,99,-1007.6722339831631,-0.029080920431122183,13339.0,46.0
